<?xml version="1.0" encoding="utf-8"?>
<Patch>
  <Operation Class="PatchOperationFindMod">
    <mods>
      <li>Weapon Tech</li>
    </mods>
    <match Class="PatchOperationSequence">
      <success>Always</success>
      <operations>
        <li Class="PatchOperationAddModExtension">
          <xpath>/Defs/ThingDef[defName="Bullet_12g"]</xpath>
          <value>
            <li Class="ProperShotguns.ShotgunExtension">
              <pelletCount>6</pelletCount>
            </li>
          </value>
        </li>
        <li Class="PatchOperationReplace">
          <xpath>/Defs/ThingDef[defName="Bullet_12g"]/graphicData/texPath</xpath>
          <value>
            <texPath>Things/Projectile/Bullet_Small</texPath>
          </value>
        </li>
        <li Class="PatchOperationReplace">
          <xpath>/Defs/ThingDef[defName="Gun_SawnOffShotgun" or defName="Gun_SemiAutomaticShotgun" or defName="Gun_DoubleBarrelShotgun"]/verbs/li/verbClass</xpath>
          <value>
            <verbClass>ProperShotguns.Verb_ShootShotgun</verbClass>
          </value>
        </li>
      </operations>
    </match>
  </Operation>
</Patch>
