<?xml version="1.0" encoding="utf-8"?>
<Patch>
  <Operation Class="PatchOperationFindMod">
    <mods>
      <li>Apex: Rimworld Legends</li>
    </mods>
    <match Class="PatchOperationSequence">
      <success>Always</success>
      <operations>
        <!-- projectiles -->
        <li Class="PatchOperationAddModExtension">
          <xpath>/Defs/ThingDef[defName="ARL_Bullet_ShotgunHandgun" or defName="ARL_Bullet_LeverActionShotgun" or defName="ARL_Bullet_SemiAutomaticShotgun" or defName="ARL_Bullet_ChargeShotgun"]</xpath>
          <value>
            <li Class="ProperShotguns.ShotgunExtension">
              <pelletCount>6</pelletCount>
            </li>
          </value>
        </li>
        <!-- textures -->
        <li Class="PatchOperationReplace">
          <xpath>/Defs/ThingDef[defName="ARL_Bullet_ShotgunHandgun" or defName="ARL_Bullet_LeverActionShotgun" or defName="ARL_Bullet_SemiAutomaticShotgun"]/graphicData/texPath</xpath>
          <value>
            <texPath>Things/Projectile/Bullet_Small</texPath>
          </value>
        </li>
        <li Class="PatchOperationReplace">
          <xpath>/Defs/ThingDef[defName="ARL_Bullet_ChargeShotgun"]/graphicData/texPath</xpath>
          <value>
            <texPath>Things/Projectile/Charge_Explosive</texPath>
          </value>
        </li>
        <li Class="PatchOperationAdd">
          <xpath>/Defs/ThingDef[defName="ARL_Bullet_ChargeShotgun"]/graphicData</xpath>
          <value>
            <shaderType>TransparentPostLight</shaderType>
          </value>
        </li>
        <!-- verbs -->
        <li Class="PatchOperationReplace">
          <xpath>/Defs/ThingDef[defName="ARL_ShotgunHandgun" or defName="ARL_LeverActionShotgun" or defName="ARL_SemiAutomaticShotgun" or defName="ARL_ChargeShotgun"]/verbs/li/verbClass</xpath>
          <value>
            <verbClass>ProperShotguns.Verb_ShootShotgun</verbClass>
          </value>
        </li>
      </operations>
    </match>
  </Operation>
</Patch>
