<?xml version="1.0" encoding="utf-8"?>
<Patch>
  <Operation Class="PatchOperationFindMod">
    <mods>
      <li>TMC Armory - Shotguns #1</li>
    </mods>
    <match Class="PatchOperationSequence">
      <success>Always</success>
      <operations>
        <!-- projectiles -->
        <li Class="PatchOperationAddModExtension">
          <xpath>/Defs/ThingDef[defName="TMC_Bullet_PumpShotgun" or defName="TMC_Bullet_SemiShotgun"]</xpath>
          <value>
            <li Class="ProperShotguns.ShotgunExtension">
              <pelletCount>6</pelletCount>
            </li>
          </value>
        </li>
        <!-- textures -->
        <li Class="PatchOperationReplace">
          <xpath>/Defs/ThingDef[defName="TMC_Bullet_PumpShotgun" or defName="TMC_Bullet_SemiShotgun"]/graphicData/texPath</xpath>
          <value>
            <texPath>Things/Projectile/Bullet_Small</texPath>
          </value>
        </li>
        <!-- verbs -->
        <li Class="PatchOperationReplace">
          <xpath>/Defs/ThingDef[defName="Gun_TMC_ISG_Schwag" or defName="Gun_TMC_ISG_Predator" or defName="Gun_TMC_ISG_Enforcer" or defName="Gun_TMC_ISG_OverUnder" or defName="Gun_TMC_ISG_Breacher" or defName="Gun_TMC_ISG_Cleaner"]/verbs/li/verbClass</xpath>
          <value>
            <verbClass>ProperShotguns.Verb_ShootShotgun</verbClass>
          </value>
        </li>
        <li Class="PatchOperationReplace">
          <xpath>/Defs/ThingDef[defName="Gun_TMC_ISG_Continental"]/verbs//li[verbClass="Verb_Shoot" and defaultProjectile="TMC_Bullet_SemiShotgun"]/verbClass</xpath>
          <value>
            <verbClass>ProperShotguns.Verb_ShootShotgun</verbClass>
          </value>
        </li>
      </operations>
    </match>
  </Operation>
</Patch>
