<?xml version="1.0" encoding="utf-8"?>
<Patch>
  <Operation Class="PatchOperationFindMod">
    <mods>
      <li>Cybernetic Warfare and Special Weapons (Continued)</li>
    </mods>
    <match Class="PatchOperationSequence">
      <success>Always</success>
      <operations>
        <!-- verbs -->
        <li Class="PatchOperationReplace">
          <xpath>/Defs/ThingDef[defName="CW_RiotBreaker"]/verbs/li/verbClass</xpath>
          <value>
            <verbClass>ProperShotguns.Verb_ShootShotgun</verbClass>
          </value>
        </li>
      </operations>
    </match>
  </Operation>
</Patch>
