<?xml version="1.0" encoding="utf-8"?>
<Patch>
  <!-- Damage amount is handled in a Harmony patch -->
  <Operation Class="PatchOperationSequence">
    <success>Normal</success>
    <operations>
      <li Class="PatchOperationAddModExtension">
        <xpath>/Defs/ThingDef[defName="Bullet_Shotgun"]</xpath>
        <value>
          <li Class="ProperShotguns.ShotgunExtension">
            <pelletCount>6</pelletCount>
          </li>
        </value>
      </li>
      <li Class="PatchOperationReplace">
        <success>Normal</success>
        <xpath>/Defs/ThingDef[defName="Bullet_Shotgun"]/graphicData/texPath</xpath>
        <value>
          <texPath>Things/Projectile/Bullet_Small</texPath>
        </value>
      </li>
      <li Class="PatchOperationReplace">
        <success>Normal</success>
        <xpath>/Defs/ThingDef[defName="Gun_PumpShotgun" or defName="Gun_ChainShotgun"]/verbs//li[verbClass="Verb_Shoot" and defaultProjectile="Bullet_Shotgun"]/verbClass</xpath>
        <value>
          <verbClass>ProperShotguns.Verb_ShootShotgun</verbClass>
        </value>
      </li>
    </operations>
  </Operation>
</Patch>
