<?xml version="1.0" encoding="utf-8"?>
<Patch>
  <Operation Class="PatchOperationFindMod">
    <mods>
      <li>20th Century Weapons Mod Unofficial 1.0(continued)</li>
    </mods>
    <match Class="PatchOperationSequence">
      <success>Always</success>
      <operations>
        <!-- projectiles -->
        <li Class="PatchOperationAddModExtension">
          <xpath>/Defs/ThingDef[defName="Bullet_PumpShotgun"]</xpath>
          <value>
            <li Class="ProperShotguns.ShotgunExtension">
              <pelletCount>6</pelletCount>
            </li>
          </value>
        </li>
        <!-- textures -->
        <li Class="PatchOperationReplace">
          <xpath>/Defs/ThingDef[defName="Bullet_PumpShotgun"]/graphicData/texPath</xpath>
          <value>
            <texPath>Things/Projectile/Bullet_Small</texPath>
          </value>
        </li>
        <!-- verbs -->
        <li Class="PatchOperationReplace">
          <xpath>/Defs/ThingDef[defName="Gun_m1014_cwm" or defName="Gun_saiga12_cwm" or defName="Gun_dao12_cwm" or defName="Gun_jackhammer_cwm" or defName="Gun_usas12_cwm" or defName="Gun_remington870_cwm" or defName="Gun_spas12_cwm" or defName="Gun_mossberg500a_cwm" or defName="Gun_winmodel1887_cwm" or defName="Gun_toz34_cwm" or defName="Gun_izh43_cwm"]/verbs/li/verbClass</xpath>
          <value>
            <verbClass>ProperShotguns.Verb_ShootShotgun</verbClass>
          </value>
        </li>
      </operations>
    </match>
  </Operation>
</Patch>
