<?xml version="1.0" encoding="utf-8"?>
<Patch>
  <Operation Class="PatchOperationFindMod">
    <mods>
      <li>[SY4] Vanilla-Friendly Weapon Pack</li>
    </mods>
    <match Class="PatchOperationSequence">
      <success>Always</success>
      <operations>
        <!-- projectiles -->
        <li Class="PatchOperationAddModExtension">
          <xpath>/Defs/ThingDef[defName="VFWP_Projectile_12G_Bullet"]</xpath>
          <value>
            <li Class="ProperShotguns.ShotgunExtension">
              <pelletCount>6</pelletCount>
            </li>
          </value>
        </li>
        <!-- textures -->
        <li Class="PatchOperationReplace">
          <xpath>/Defs/ThingDef[defName="VFWP_Projectile_12G_Bullet" or defName="VFWP_Projectile_12G_Slug"]/graphicData/texPath</xpath>
          <value>
            <texPath>Things/Projectile/Bullet_Small</texPath>
          </value>
        </li>
        <li Class="PatchOperationReplace">
          <xpath>/Defs/ThingDef[defName="VFWP_Projectile_12G_Bullet"]/graphicData/texPath</xpath>
          <value>
            <texPath>Things/Projectile/Bullet_Small</texPath>
          </value>
        </li>
        <!-- verbs -->
        <li Class="PatchOperationReplace">
          <xpath>/Defs/ThingDef[defName="VFWP_Gun_UTS_PS" or defName="VFWP_Gun_USAS12_AS" or defName="VFWP_Gun_T972_PS" or defName="VFWP_Gun_STRIKER_AS" or defName="VFWP_Gun_SPAS12_AS" or defName="VFWP_Gun_SUPERSHORTY_PS" or defName="VFWP_Gun_SAIGASPIKE_AS" or defName="VFWP_Gun_SAIGA12_AS" or defName="VFWP_Gun_QBS09_AS" or defName="VFWP_Gun_NS2000_PS" or defName="VFWP_Gun_MAG7_PS" or defName="VFWP_Gun_M870_PS" or defName="VFWP_Gun_M26_AS" or defName="VFWP_Gun_KSG_PS" or defName="VFWP_Gun_JACKHAMMER_AS" or defName="VFWP_Gun_DP12_PS" or defName="VFWP_Gun_AA12_AS"]/verbs/li/verbClass</xpath>
          <value>
            <verbClass>ProperShotguns.Verb_ShootShotgun</verbClass>
          </value>
        </li>
      </operations>
    </match>
  </Operation>
</Patch>
