<?xml version="1.0" encoding="utf-8"?>
<Patch>
  <!-- gosh, I hate working with XML sometimes -->
  <Operation Class="PatchOperationFindMod">
    <mods>
      <li>Rimsenal - Enhanced Vanilla Pack</li>
    </mods>
    <match Class="PatchOperationSequence">
      <success>Always</success>
      <operations>
        <!-- general verb patching -->
        <li Class="PatchOperationReplace">
          <xpath>/Defs/ThingDef[defName="Gun_ScatterCharger"]/verbs/li/verbClass</xpath>
          <value>
            <verbClass>ProperShotguns.Verb_ShootShotgun</verbClass>
          </value>
        </li>
        <li Class="PatchOperationRemove">
          <xpath>/Defs/ThingDef[defName="Gun_ScatterCharger"]/verbs/li/burstShotCount</xpath>
        </li>
        <!-- ===== Scatter Charger ===== -->
        <!-- projectile -->
        <li Class="PatchOperationReplace">
          <xpath>/Defs/ThingDef[defName="Bullet_ScatterCharger"]/projectile/damageAmountBase</xpath>
          <value>
            <damageAmountBase>40</damageAmountBase>
          </value>
        </li>
        <li Class="PatchOperationAddModExtension">
          <xpath>/Defs/ThingDef[defName="Bullet_ScatterCharger"]</xpath>
          <value>
            <li Class="ProperShotguns.ShotgunExtension">
              <pelletCount>4</pelletCount>
            </li>
          </value>
        </li>
      </operations>
    </match>
  </Operation>
</Patch>
