<?xml version="1.0" encoding="utf-8"?>
<ModMetaData>
  <name>[XND] Proper Shotguns (Continued)</name>
  <description>Pump shotguns and chain shotguns will fire actual buckshots rather than single slug-like shots.</description>
  <author>XeoNovaDan, Jelly</author>
  <packageId>jelly.ProperShotguns</packageId>
  <url>https://steamcommunity.com/sharedfiles/filedetails/?id=1438488634</url>
  <supportedVersions>
    <li>1.3</li>
    <li>1.4</li>
    <li>1.5</li>
    <li>1.6</li>
  </supportedVersions>
  <modDependencies>
    <li>
      <packageId>brrainz.harmony</packageId>
      <displayName>Harmony</displayName>
      <downloadUrl>https://github.com/pardeike/HarmonyRimWorld/releases/latest</downloadUrl>
      <steamWorkshopUrl>https://steamcommunity.com/workshop/filedetails/?id=2009463077</steamWorkshopUrl>
    </li>
  </modDependencies>
  <loadAfter>
    <li>Ludeon.RimWorld</li>
    <li>Ludeon.RimWorld.Royalty</li>
    <li>Ludeon.Rimworld.Ideology</li>
    <li>brrainz.harmony</li>
  </loadAfter>
</ModMetaData>
